"""BOG"", ""Bogota"", ""El Dorado"""
"""MEX"", ""CDMX"", ""Ciudad Mexico"", ""Mexico DF"", ""DF"", ""Ciudad de Mexico"""
"""MDE"", ""Medellin"", ""Jose Maria Cordova"", ""medellin"""
"""CLO"", ""Cali"", ""Alfonso Bonilla"", ""Aeropuerto Alfonso Bonilla"""
"""GDL"", ""Guadalajara"", ""Miguel Hidalgo y Costilla"", ""Miguel Hidalgo"""
"""MTY"", ""Monterrey"", ""Mariano Escobedo"""
"""SJO"", ""Costa Rica"", ""San Jose Costa Rica"", ""Juan Santamaria"""
"""SMR"", ""Santa Marta"", ""Magdalena"""
"""SJC"", ""San Jose California"", ""San Jose CA"""
"""SFO"", ""San Francisco"", ""Frisco"", ""San Fra"", ""San Francisco California"""
"""AES"",""AES"",""Aalesund,"",""Norway """
"""ZID"",""ZID"",""Aarhus,"",""Denmark - Bus service """
"""AAR"",""AAR"",""Aarhus,"",""Denmark - Tirstrup """
"""JEG"",""JEG"",""Aasiaat,"",""Greenland """
"""ABD"",""ABD"",""Abadan,"",""Iran """
"""ABA"",""ABA"",""Abakan,"",""Russia """
"""YXX"",""YXX"",""Abbotsford,"",""BC """
"""ABR"",""ABR"",""Aberdeen,"",""SD """
"""ABZ"",""ABZ"",""Aberdeen,"",""United Kingdom """
"""AHB"",""AHB"",""Abha,"",""Saudi Arabia """
"""ABJ"",""ABJ"",""Abidjan,"",""Cote d'Ivoire """
"""ABI"",""ABI"",""Abilene,"",""TX """
"""AUH"",""AUH"",""Abu"",""Dhabi, United Arab Emirates """
"""ABS"",""ABS"",""Abu"",""Simbel, Egypt """
"""ABV"",""ABV"",""Abuja,"",""Nigeria """
"""ACA"",""ACA"",""Acapulco,"""
"""ADK"",""ADK"",""Adak"",""Island, AK """
"""ADA"",""ADA"",""Adana,"",""Turkey """
"""ADD"",""ADD"",""Addis"",""Ababa, Ethopia """
"""ADL"",""ADL"",""Adelaide,"",""Australia """
"""ADE"",""ADE"",""Aden,"",""Yemen """
"""AER"",""AER"",""Adler/Sochi,"",""Russia """
"""AZR"",""AZR"",""Adrar,"",""Algeria """
"""AFT"",""AFT"",""Afutara,"",""Soloman Islands """
"""AGA"",""AGA"",""Agadir,"",""Morocco """
"""IXA"",""IXA"",""Agartala,"",""India """
"""AUP"",""AUP"",""Agaun,"",""Papua New Guinea """
"""AGF"",""AGF"",""Agen,"",""France """
"""AGR"",""AGR"",""Agra,"",""India """
"""AJI"",""AJI"",""Agri,"",""Turkey """
"""BQN"",""BQN"",""Aguadilla,"",""Puerto Rico """
"""AGU"",""AGU"",""Aguascalientes,"""
"""AGJ"",""AGJ"",""Aguni,"",""Japan """
"""AMD"",""AMD"",""Ahmedabad,"",""India """
"""AWZ"",""AWZ"",""Ahwaz,"",""Iran """
"""AIM"",""AIM"",""Ailuk"",""Island, Marshall Islands """
"""AEO"",""AEO"",""Aioun"",""El Atrouss, Mauritania """
"""AIC"",""AIC"",""Airok,"",""Marshall Islands """
"""AIT"",""AIT"",""Aitutaki,"",""Cook Islands """
"""AJL"",""AJL"",""Aizawl,"",""India """
"""AJA"",""AJA"",""Ajaccio,"",""France """
"""KKI"",""KKI"",""Akiachak,"",""AK """
"""AKI"",""AKI"",""Akiak,"",""AK """
"""AXT"",""AXT"",""Akita,"",""Japan """
"""CAK"",""CAK"",""Akron/Canton,"",""OH """
"""AKU"",""AKU"",""Aksu,"",""China """
"""AKX"",""AKX"",""Aktyubinsk,"",""Kazakhstan """
"""AKV"",""AKV"",""Akulivik,"",""QC """
"""AEY"",""AEY"",""Akureyri,"",""Iceland """
"""KQA"",""KQA"",""Akuton,"",""AK """
"""AAN"",""AAN"",""Al"",""Ain, United Arab Emirates """
"""AAC"",""AAC"",""Al"",""Arish, Egypt """
"""AHU"",""AHU"",""Al"",""Hoceima, Morocco """
"""AUK"",""AUK"",""Alakanuk,"",""AK """
"""ALM"",""ALM"",""Alamogordo,"",""NM """
"""ALS"",""ALS"",""Alamosa,"",""CO """
"""ABT"",""ABT"",""Al-Baha,"",""Saudi Arabia """
"""ALB"",""ALB"",""Albany,"",""NY """
"""CVO"",""CVO"",""Albany,"",""OR - Bus service """
"""QWY"",""QWY"",""Albany,"",""OR - Bus service """
"""ABQ"",""ABQ"",""Albuquerque,"",""NM """
"""ABX"",""ABX"",""Albury,"",""Australia """
"""ACI"",""ACI"",""Alderney,"",""United Kingdom """
"""XLY"",""XLY"",""Aldershot,"",""ON - Rail service """
"""WKK"",""WKK"",""Aleknagik,"",""AK """
"""ALP"",""ALP"",""Aleppo,"",""Syrian Arab Republic """
"""ALJ"",""ALJ"",""Alexander"",""Bay, South Africa """
"""ALY"",""ALY"",""Alexandria,"",""Egypt """
"""AEX"",""AEX"",""Alexandria,"",""LA """
"""XFS"",""XFS"",""Alexandria,ON"",""- Rail service """
"""AXD"",""AXD"",""Alexandroupolis,"",""Greece """
"""FJR"",""FJR"",""Al-Fujairah,"",""United Arab Emirates """
"""AHO"",""AHO"",""Alghero,"",""Italy """
"""ALG"",""ALG"",""Algiers,"",""Algeria """
"""ALC"",""ALC"",""Alicante,"",""Spain """
"""ASP"",""ASP"",""Alice"",""Springs, Australia """
"""AET"",""AET"",""Allakaket,"",""AK """
"""ABE"",""ABE"",""Allentown,"",""PA """
"""AIA"",""AIA"",""Alliance,"",""NE """
"""YTF"",""YTF"",""Alma,"",""QC """
"""AKX"",""AKX"",""Almaty,"",""Kazakhstan """
"""LEI"",""LEI"",""Almeria,"",""Spain """
"""ARD"",""ARD"",""Alor"",""Island, Indonesia """
"""AOR"",""AOR"",""Alorsetar,"",""Malaysia """
"""GUR"",""GUR"",""Alotau,"",""Papua New Guinea """
"""APN"",""APN"",""Alpena,"",""MI """
"""ALF"",""ALF"",""Alta,"",""Norway """
"""ATM"",""ATM"",""Altamira,"",""Brazil """
"""AAT"",""AAT"",""Altay,"",""China """
"""ACH"",""ACH"",""Altenrhein,"",""Switzerland """
"""ARR"",""ARR"",""Alto"",""Rio Senguerr, Argentina """
"""AOO"",""AOO"",""Altoona,"",""PA """
"""ASJ"",""ASJ"",""Amami"",""O Shima, Japan """
"""AMA"",""AMA"",""Amarillo,"",""TX """
"""AZB"",""AZB"",""Amazon"",""Bay, Papua New Guinea """
"""IVA"",""IVA"",""Ambanja,"",""Madagascar """
"""AMY"",""AMY"",""Ambatomainty,"",""Madagascar """
"""WAM"",""WAM"",""Ambatondrazaka,"",""Madagascar """
"""ABL"",""ABL"",""Ambler,"",""AK """
"""AMQ"",""AMQ"",""Ambon,"",""Indonesia """
"""ASV"",""ASV"",""Amboseli,"",""Kenya """
"""AMV"",""AMV"",""Amderma,"",""Russia """
"""ADJ"",""ADJ"",""Amman,"",""Jordan - Civil/Marka Airport """
"""AMM"",""AMM"",""Amman,"",""Jordan - Queen Alia International """
"""ATQ"",""ATQ"",""Amritsar,"",""India """
"""AMS"",""AMS"",""Amsterdam,"",""Netherlands """
"""DYR"",""DYR"",""Anadyr,"",""Russia """
"""YAA"",""YAA"",""Anahim"",""Lake, BC """
"""AKP"",""AKP"",""Anaktueuk,"",""AK """
"""HVA"",""HVA"",""Analalava,"",""Madagascar """
"""AAQ"",""AAQ"",""Anapa,"",""Russia """
"""ANC"",""ANC"",""Anchorage,"",""AK """
"""AOI"",""AOI"",""Ancona,"",""Italy """
"""ANX"",""ANX"",""Andenes,"",""Norway """
"""AUY"",""AUY"",""Aneityum,"",""Vanuatu """
"""JHE"",""JHE"",""Angelholm/Helsingborg,"",""Sweden """
"""ANE"",""ANE"",""Angers,"",""France - Marce """
"""QXG"",""QXG"",""Angers,"",""France - Rail service """
"""AGD"",""AGD"",""Anggi,"",""Indonesia """
"""AQG"",""AQG"",""Anging,"",""China """
"""YAX"",""YAX"",""Angling"",""Lake, ON """
"""AGN"",""AGN"",""Angoon,"",""AK """
"""ANG"",""ANG"",""Angouleme,"",""France """
"""AXA"",""AXA"",""Anguilla,"",""Anguilla """
"""ANI"",""ANI"",""Aniak,"",""AK """
"""AWD"",""AWD"",""Aniwa,"",""Vanuatu """
"""AKA"",""AKA"",""Ankang,"",""China """
"""ESB"",""ESB"",""Ankara,"",""Turkey - Esenboga """
"""ANK"",""ANK"",""Ankara,"",""Turkey - Etimesqut """
"""JVA"",""JVA"",""Ankavandra,"",""Madagascar """
"""AAE"",""AAE"",""Annaba,"",""Algeria """
"""NCY"",""NCY"",""Annecy,"",""France """
"""ANM"",""ANM"",""Antalaha,"",""Madagascar """
"""AYT"",""AYT"",""Antalya,"",""Turkey """
"""TNR"",""TNR"",""Antaninvarivo,"",""Madgascar """
"""ANU"",""ANU"",""Antigua,"",""Antigua and Barbuda """
"""ANF"",""ANF"",""Antofagasta,"",""Chile """
"""WAQ"",""WAQ"",""Antsalova,"",""Madagascar """
"""DIE"",""DIE"",""Antsiranana,"",""Madagascar """
"""WAI"",""WAI"",""Antsohihy,"",""Madagascar """
"""ZAY"",""ZAY"",""Antwerp,"",""Belgium - Bus service """
"""ANR"",""ANR"",""Antwerp,"",""Belgium - Deurne Airport """
"""ANV"",""ANV"",""Anvik,"",""AK """
"""AOJ"",""AOJ"",""Aomori,"",""Japan """
"""AOT"",""AOT"",""Aosta,"",""Italy """
"""APO"",""APO"",""Apartado,"",""Colombia """
"""APW"",""APW"",""Apia,"",""Western Samoa """
"""FGI"",""FGI"",""Apia,"",""Western Samoa """
"""ATW"",""ATW"",""Appleton,"",""WI """
"""AQJ"",""AQJ"",""Aqaba,"",""Jordan """
"""AJU"",""AJU"",""Araca,"",""Brazil """
"""ARU"",""ARU"",""Aracatuba,"",""Brazil """
"""ARW"",""ARW"",""Arad,"",""Romania """
"""ARP"",""ARP"",""Aragip,"",""Papua New Guinea """
"""AUX"",""AUX"",""Araguaina,"",""Brazil """
"""AAG"",""AAG"",""Arapoti,"",""Brazil """
"""RAE"",""RAE"",""Arar,"",""Saudi Arabia """
"""AUC"",""AUC"",""Arauca,"",""Colombia """
"""AMH"",""AMH"",""Arba"",""Mintch, Ethiopia """
"""ACV"",""ACV"",""Arcata,"",""CA """
"""YAB"",""YAB"",""Arctic"",""Bay, NU """
"""ARC"",""ARC"",""Arctic"",""Village, AK """
"""AQP"",""AQP"",""Arequipa,"",""Peru """
"""AGH"",""AGH"",""Argelholm/Helsingborg,"",""Sweden """
"""GYL"",""GYL"",""Argyle,"",""Australia """
"""ARI"",""ARI"",""Arica,"",""Chile """
"""ARH"",""ARH"",""Arkangelsk,"",""Russia """
"""AXM"",""AXM"",""Armenia,"",""Colombia """
"""ARM"",""ARM"",""Armidale,"",""Australia """
"""ATC"",""ATC"",""Arthur's"",""Town, Bahamas """
"""AUA"",""AUA"",""Aruba,"",""Aruba """
"""ARK"",""ARK"",""Arusha,"",""Tanzania """
"""YEK"",""YEK"",""Arviat,"",""NU """
"""AJR"",""AJR"",""Arvidsjaur,"",""Sweden """
"""AKJ"",""AKJ"",""Asahikawa,"",""Japan """
"""AVL"",""AVL"",""Asheville,"",""NC """
"""ASB"",""ASB"",""Ashgabat,"",""Turkmenistan """
"""HTS"",""HTS"",""Ashland,"",""KY/Huntington, WV """
"""ASM"",""ASM"",""Asmara,"",""Eritrea """
"""ASO"",""ASO"",""Asosa,"",""Ethopia """
"""ASE"",""ASE"",""Aspen,"",""CO """
"""ATZ"",""ATZ"",""Assiut,"",""Egypt """
"""TSE"",""TSE"",""Astana,"",""Kazakhstan """
"""ASF"",""ASF"",""Astrakhan,"",""Russia """
"""OVD"",""OVD"",""Asturias,"",""Spain and Canary Islands """
"""ASU"",""ASU"",""Asuncion,"",""Paraguay """
"""ASW"",""ASW"",""Aswan,"",""Egypt """
"""AHN"",""AHN"",""Athens,"",""GA """
"""ATH"",""ATH"",""Athens,"",""Greece """
"""AIU"",""AIU"",""Atiu"",""Island, Cook Islands """
"""AKB"",""AKB"",""Atka,"",""AK """
"""ATL"",""ATL"",""Atlanta,"",""GA """
"""AIY"",""AIY"",""Atlantic"",""City, NJ """
"""ATD"",""ATD"",""Atoifi,"",""Solomon Islands """
"""ATK"",""ATK"",""Atqasuk,"",""AK """
"""YAT"",""YAT"",""Attawapiskat,"",""ON """
"""AUQ"",""AUQ"",""Atuona,"",""French Polynesia """
"""AKL"",""AKL"",""Auckland,"",""New Zealand """
"""AGB"",""AGB"",""Augsburg/Munich,"",""Germany """
"""AGS"",""AGS"",""Augusta,"",""GA """
"""AUG"",""AUG"",""Augusta,"",""ME """
"""AKS"",""AKS"",""Auki,"",""Solomon Islands """
"""YPJ"",""YPJ"",""Aupaluk,"",""QC """
"""AUL"",""AUL"",""Aur"",""Island, Marshall Islands """
"""IXU"",""IXU"",""Aurangabad,"",""India """
"""AUR"",""AUR"",""Aurillac,"",""France """
"""AUU"",""AUU"",""Aurukun,"",""Australia """
"""AUS"",""AUS"",""Austin,"",""TX """
"""AVN"",""AVN"",""Avignon,"",""France """
"""AYW"",""AYW"",""Ayawaki,"",""Indonesia """
"""AYQ"",""AYQ"",""Ayers"",""Rock, Australia """
"""BXB"",""BXB"",""Babo,"",""Indonesia """
"""BCD"",""BCD"",""Bacolod,"",""Philippines """
"""BJZ"",""BJZ"",""Badajcz,"",""Spain """
"""BXD"",""BXD"",""Bade,"",""Indonesia """
"""BDD"",""BDD"",""Badu"",""Island, Australia """
"""IXB"",""IXB"",""Bagdogra,"",""India """
"""YBG"",""YBG"",""Bagotville,"",""QC """
"""BHI"",""BHI"",""Bahia"",""Blanca, Argentina """
"""BFQ"",""BFQ"",""Bahia"",""Pinas, Panama """
"""BSC"",""BSC"",""Bahia"",""Solano, Colombia """
"""BAH"",""BAH"",""Bahrain,"",""Bahrain """
"""BAY"",""BAY"",""Baia"",""Mare, Romania """
"""YBC"",""YBC"",""Baie"",""Comeau, QC """
"""YBK"",""YBK"",""Baker"",""Lake, NU """
"""BFL"",""BFL"",""Bakersfield,"",""CA """
"""GYD"",""GYD"",""Baku,"",""Azerbaijan """
"""BAS"",""BAS"",""Balalae,"",""Solomon Islands """
"""BZI"",""BZI"",""Balikesir,"",""Turkey """
"""BPN"",""BPN"",""Balikpapan,"",""Indonesia """
"""BNK"",""BNK"",""Ballina,"",""Australia """
"""BBA"",""BBA"",""Balmaceda,"",""Chile """
"""BWI"",""BWI"",""Baltimore,"",""MD """
"""BXR"",""BXR"",""Bam,"",""Iran """
"""ABM"",""ABM"",""Bamaga,"",""Australia """
"""BKO"",""BKO"",""Bamako,"",""Mali """
"""BTJ"",""BTJ"",""Banda"",""Aceh, Indonesia """
"""BND"",""BND"",""Bandar"",""Abbas, Iran """
"""TKG"",""TKG"",""Bandar"",""Lampung, Indonesia - Branti """
"""BDH"",""BDH"",""Bandar"",""Lengeh, Iran """
"""BWN"",""BWN"",""Bandar"",""Seri Begawan, Brunei """
"""BDO"",""BDO"",""Bandung,"",""Indonesia """
"""BLR"",""BLR"",""Bangalore,"",""India """
"""BPX"",""BPX"",""Bangda,"",""China """
"""BKK"",""BKK"",""Bangkok,"",""Thailand """
"""BGR"",""BGR"",""Bangor,"",""ME """
"""BNX"",""BNX"",""Banja"",""Luka, Bosnia Herzegovina """
"""BDJ"",""BDJ"",""Banjarmasin,"",""Indonesia """
"""BJL"",""BJL"",""Banjul,"",""Gambia """
"""BMV"",""BMV"",""Banmethuot,"",""Viet Nam - Phung-Doc """
"""BNP"",""BNP"",""Bannu,"",""Pakistan """
"""BGF"",""BGF"",""Banqui,"",""Central African Republic """
"""BSD"",""BSD"",""Baoshan,"",""China """
"""BAV"",""BAV"",""Baotou,"",""China """
"""BHB"",""BHB"",""Bar"",""Harbour, ME """
"""BCI"",""BCI"",""Barcaldine,"",""Australia """
"""BCN"",""BCN"",""Barcelona,"",""Spain """
"""BLA"",""BLA"",""Barcelona,"",""Venezuela """
"""BDU"",""BDU"",""Bardufoss,"",""Norway """
"""BRI"",""BRI"",""Bari,"",""Italy """
"""BNS"",""BNS"",""Barinas,"",""Venezuela """
"""BBN"",""BBN"",""Bario,"",""Malaysia """
"""BZL"",""BZL"",""Barisal,"",""Bangladesh """
"""BAX"",""BAX"",""Barnaul,"",""Russia """
"""BRM"",""BRM"",""Barquisimeto,"",""Venezuela """
"""BRR"",""BRR"",""Barra,"",""United Kingdom """
"""EJA"",""EJA"",""Barran"",""Cabermeja, Colombia """
"""BAQ"",""BAQ"",""Barranquilla,"",""Colombia """
"""BRA"",""BRA"",""Barreiras,"",""Brazil """
"""BRW"",""BRW"",""Barrow,"",""AK """
"""BTI"",""BTI"",""Barter"",""Island, AK """
"""BSO"",""BSO"",""Basco,"",""Philippines """
"""BSL"",""BSL"",""Basel,"",""Switzerland """
"""ZDH"",""ZDH"",""Basel/Mulhouse"",""Railway Station, Switzerland """
"""BUZ"",""BUZ"",""Bashehr,"",""Iran """
"""BIA"",""BIA"",""Bastia,"",""France """
"""BTH"",""BTH"",""Batam,"",""Indonesia """
"""ZBF"",""ZBF"",""Bathhurst,"",""NB """
"""BRT"",""BRT"",""Bathurst"",""Island, Australia """
"""BHS"",""BHS"",""Bathurst,"",""Australia """
"""BAL"",""BAL"",""Batman,"",""Turkey """
"""BLJ"",""BLJ"",""Batna,"",""Algeria """
"""BXM"",""BXM"",""Batom,"",""Indonesia """
"""BTR"",""BTR"",""Baton"",""Rouge, LA """
"""BJF"",""BJF"",""Batsfijord,"",""Norway """
"""BBM"",""BBM"",""Battambang,"",""Cambodia """
"""BUS"",""BUS"",""Batumi,"",""Georgia """
"""BPF"",""BPF"",""Batuna,"",""Solomon Islands """
"""BAU"",""BAU"",""Bauru,"",""Brazil """
"""MBS"",""MBS"",""Bay"",""City, MI """
"""BYU"",""BYU"",""Bayreuth,"",""Germany """
"""XBE"",""XBE"",""Bearskin"",""Lake, ON """
"""BPT"",""BPT"",""Beaumont/Port"",""Arthur, TX """
"""ZBV"",""ZBV"",""Beaver"",""Creek, CO - Van service """
"""WBQ"",""WBQ"",""Beaver,"",""AK """
"""CBH"",""CBH"",""Bechar,"",""Algeria """
"""BKW"",""BKW"",""Beckley,"",""WV """
"""BED"",""BED"",""Bedford,"",""MA """
"""BEU"",""BEU"",""Bedourie,"",""Australia """
"""EIS"",""EIS"",""Beef"",""Island, British Virgin Islands """
"""BEI"",""BEI"",""Beica,"",""Ethiopia """
"""LAQ"",""LAQ"",""Beida,"",""Libya - La Braq """
"""BHY"",""BHY"",""Beihai,"",""China """
"""PEK"",""PEK"",""Beijing,"",""China """
"""BEY"",""BEY"",""Beirut,"",""Lebanon """
"""BJA"",""BJA"",""Bejaia,"",""Algeria """
"""BLG"",""BLG"",""Belaga,"",""Mozambique """
"""BEL"",""BEL"",""Belem,"",""Brazil """
"""BMY"",""BMY"",""Belep"",""Island, New Caledonia """
"""BFS"",""BFS"",""Belfast,"",""Northern Ireland, United Kingdom """
"""BHD"",""BHD"",""Belfast,"",""United Kingdom """
"""EGO"",""EGO"",""Belgorod,"",""Russia """
"""BEG"",""BEG"",""Belgrade,"",""Serbia and Montenegro - Beograd """
"""BZE"",""BZE"",""Belize"",""City, Belize - International """
"""TZA"",""TZA"",""Belize"",""City, Belize - Municipal """
"""ZEL"",""ZEL"",""Bella"",""Bella, BC """
"""QBC"",""QBC"",""Bella"",""Coola, BC """
"""BLV"",""BLV"",""Belleville,"",""IL """
"""XVV"",""XVV"",""Belleville,"",""ON - Rail service """
"""BLI"",""BLI"",""Bellingham,"",""WA """
"""BNY"",""BNY"",""Bellona,"",""Solomon Islands """
"""PLU"",""PLU"",""Belo"",""Horizonte, Brazil - Pampulha """
"""CNF"",""CNF"",""Belo"",""Horizonte, Brazil - Tancredo Neves Intl. """
"""BMD"",""BMD"",""Belo,"",""Madagascar """
"""BJI"",""BJI"",""Bemidji,"",""MN """
"""BEB"",""BEB"",""Benbecula,"",""United Kingdom """
"""BEN"",""BEN"",""Benghazi,"",""Libya """
"""BKS"",""BKS"",""Bengkulu,"",""Indonesia """
"""BEH"",""BEH"",""Benton"",""Harbor, MI """
"""BEJ"",""BEJ"",""Berau,"",""Indonesia """
"""BBO"",""BBO"",""Berbera,"",""Somalia """
"""YBV"",""YBV"",""Berens"",""River, MB """
"""BGO"",""BGO"",""Bergen,"",""Norway """
"""EGC"",""EGC"",""Bergerac,"",""France """
"""BVG"",""BVG"",""Berlevag,"",""Norway """
"""BER"",""BER"",""Berlin,"",""Germany - All airports """
"""SXF"",""SXF"",""Berlin,"",""Germany - Schoenefeld """
"""TXL"",""TXL"",""Berlin,"",""Germany - Tegel """
"""THF"",""THF"",""Berlin,"",""Germany - Tempelhof """
"""BDA"",""BDA"",""Bermuda,"",""Bermuda """
"""BRN"",""BRN"",""Berne,"",""Switzerland - Belp Airport """
"""ZDJ"",""ZDJ"",""Berne,"",""Switzerland - Rail service """
"""BPY"",""BPY"",""Besalampy,"",""Madagascar """
"""BET"",""BET"",""Bethel,"",""AK """
"""ABE"",""ABE"",""Bethlehem,"",""PA """
"""BTT"",""BTT"",""Bettles,"",""AK """
"""BZR"",""BZR"",""Beziers,"",""France """
"""BDP"",""BDP"",""Bhadrapur,"",""Nepal """
"""BWA"",""BWA"",""Bhairawa,"",""Nepal """
"""BMO"",""BMO"",""Bhamo,"",""Myanmar """
"""BHR"",""BHR"",""Bharatpur,"",""Nepal """
"""BHU"",""BHU"",""Bhavnagar,"",""India """
"""BHO"",""BHO"",""Bhopal,"",""India """
"""BBI"",""BBI"",""Bhubaneswar,"",""India """
"""BHJ"",""BHJ"",""Bhuj,"",""India """
"""BIK"",""BIK"",""Biak,"",""Indonesia """
"""BIQ"",""BIQ"",""Biarritz,"",""France """
"""YTL"",""YTL"",""Big"",""Trout, ON """
"""BII"",""BII"",""Bikini"",""Atoll, Marshall Islands """
"""BIO"",""BIO"",""Bilbao,"",""Spain """
"""BIL"",""BIL"",""Billings,"",""MT """
"""BLL"",""BLL"",""Billund,"",""Denmark """
"""GPT"",""GPT"",""Biloxi/Gulfport,"",""MS """
"""BMU"",""BMU"",""Bima,"",""Indonesia """
"""BIM"",""BIM"",""Bimini,"",""Bahamas """
"""NSB"",""NSB"",""Bimini,"",""Bahamas """
"""BGM"",""BGM"",""Binghamton,"",""NY """
"""BTU"",""BTU"",""Bintulu,"",""Malaysia """
"""NTI"",""NTI"",""Bintuni,"",""Indonesia """
"""BIR"",""BIR"",""Biratragar,"",""Nepal """
"""KBC"",""KBC"",""Birch"",""Creek, AK """
"""BVI"",""BVI"",""Birdsville,"",""Australia """
"""BHM"",""BHM"",""Birmingham,"",""AL """
"""BHX"",""BHX"",""Birmingham,"",""United Kingdom """
"""BHH"",""BHH"",""Bisha,"",""Saudi Arabia """
"""BIS"",""BIS"",""Bismarck,"",""ND """
"""OXB"",""OXB"",""Bissau,"",""Guinea-Bissau """
"""YBI"",""YBI"",""Black"",""Tickle, NL """
"""BKQ"",""BKQ"",""Blackall,"",""Australia """
"""BLK"",""BLK"",""Blackpool,"",""United Kingdom """
"""BLT"",""BLT"",""Blackwater,"",""Australia """
"""BQS"",""BQS"",""Blagoveschensk,"",""Russia """
"""YBX"",""YBX"",""Blanc"",""Sablon, QC """
"""BLZ"",""BLZ"",""Blantyre,"",""Malawi """
"""BHE"",""BHE"",""Blenheim,"",""New Zealand """
"""CNF"",""CNF"",""Blo"",""Horizonte, Brazil """
"""BID"",""BID"",""Block"",""Island, RI """
"""BFN"",""BFN"",""Bloemfontein,"",""South Africa """
"""BMI"",""BMI"",""Bloomington,"",""IL """
"""BLF"",""BLF"",""Bluefield,"",""WV """
"""BVC"",""BVC"",""Boa"",""Vista, Cape Verde """
"""BVB"",""BVB"",""Boavista,"",""Brazil """
"""BOC"",""BOC"",""Bocas"",""Del Toro, Panama """
"""BOO"",""BOO"",""Bodo,"",""Norway """
"""BJV"",""BJV"",""Bodrum,"",""Turkey """
"""BOG"",""BOG"",""Bogota,"",""Colombia """
"""GIC"",""GIC"",""Boiju"",""Island, Australia """
"""BOI"",""BOI"",""Boise,"",""ID """
"""BJB"",""BJB"",""Bojnord,"",""Iran """
"""BUI"",""BUI"",""Bokondini,"",""Indonesia """
"""BWK"",""BWK"",""Bol,"",""Croatia """
"""BZO"",""BZO"",""Bolzano,"",""Italy """
"""BOA"",""BOA"",""Boma,"",""Congo """
"""BOM"",""BOM"",""Bombay,"",""India """
"""BON"",""BON"",""Bonaire,"",""Netherlands Antilles """
"""YVB"",""YVB"",""Bonaventure,"",""QC """
"""BNJ"",""BNJ"",""Bonn,"",""Germany """
"""BOB"",""BOB"",""Bora"",""Bora, French Polynesia """
"""BOD"",""BOD"",""Bordeaux,"",""France """
"""HBE"",""HBE"",""Borg"",""El Arab, Egypt """
"""BMK"",""BMK"",""Borkum,"",""Germany """
"""BLE"",""BLE"",""Borlange,"",""Sweden """
"""RNN"",""RNN"",""Bornholm,"",""Denmark """
"""BOX"",""BOX"",""Borroloola,"",""Australia """
"""BOS"",""BOS"",""Boston,"",""MA """
"""XHH"",""XHH"",""Boulder,"",""CO - Bus service """
"""WHH"",""WHH"",""Boulder,"",""CO - Hiltons Har H """
"""WBU"",""WBU"",""Boulder,"",""CO - Municipal Airport """
"""BQL"",""BQL"",""Boulia,"",""Australia """
"""BYA"",""BYA"",""Boundary,"",""AK """
"""BOJ"",""BOJ"",""Bourgas,"",""Bulgaria """
"""BRK"",""BRK"",""Bourke,"",""Australia """
"""BOH"",""BOH"",""Bournemouth,"",""United Kingdom """
"""BWG"",""BWG"",""Bowling"",""Green, KY """
"""BZN"",""BZN"",""Bozeman,"",""MT """
"""BCQ"",""BCQ"",""Brack,"",""Libya """
"""BFD"",""BFD"",""Bradford,"",""PA """
"""BRD"",""BRD"",""Brainerd,"",""MN """
"""BMP"",""BMP"",""Brampton"",""Island, Australia """
"""XPN"",""XPN"",""Brampton,"",""ON - Rail service """
"""YBR"",""YBR"",""Brandon,"",""MB """
"""XFV"",""XFV"",""Brantford,"",""ON - Rail service """
"""BSB"",""BSB"",""Brasilia,"",""DF, Brazil """
"""BTS"",""BTS"",""Bratislava,"",""Slovakia """
"""BTK"",""BTK"",""Bratsk,"",""Russia """
"""BWE"",""BWE"",""Braunschweig,"",""Denmark """
"""BWD"",""BWD"",""Brawnwood,"",""TX """
"""BZV"",""BZV"",""Brazzaville,"",""Congo """
"""QKB"",""QKB"",""Breckenridge,"",""CO - Van service """
"""BRE"",""BRE"",""Bremen,"",""Germany """
"""BES"",""BES"",""Brest,"",""France """
"""BWQ"",""BWQ"",""Brewarrina,"",""Australia """
"""BGI"",""BGI"",""Bridgetown,"",""Barbados """
"""BDS"",""BDS"",""Brindisi,"",""Italy """
"""BNE"",""BNE"",""Brisbane,"",""Queensland, Australia """
"""BRS"",""BRS"",""Bristol,"",""United Kingdom """
"""TRI"",""TRI"",""Bristol,"",""VA """
"""BVE"",""BVE"",""Brive-La-Gaillarde,"",""France - Laroche"""
"""ZDN"",""ZDN"",""Brno,"",""Czech Republic - Bus service """
"""BRQ"",""BRQ"",""Brno,"",""Czech Republic - Turany """
"""YBT"",""YBT"",""Brochet,"",""MB """
"""XBR"",""XBR"",""Brockville,"",""ON """
"""BHQ"",""BHQ"",""Broken"",""Hill, Australia """
"""BNN"",""BNN"",""Bronnoysund,"",""Norway """
"""BKX"",""BKX"",""Brookings,"",""SD """
"""RBH"",""RBH"",""Brooks"",""Lodge, AK """
"""BME"",""BME"",""Broome,"",""Australia """
"""BRO"",""BRO"",""Brownsville,"",""TX """
"""BQK"",""BQK"",""Brunswick,"",""GA """
"""BHG"",""BHG"",""Brus"",""Laguna, Honduras """
"""BRU"",""BRU"",""Brussels,"",""Belgium - National """
"""ZYR"",""ZYR"",""Brussels,"",""Belgium - Rail service """
"""CRL"",""CRL"",""Brussels,"",""Belguim - Charleroi """
"""BGA"",""BGA"",""Bucaramanga,"",""Colombia """
"""BBU"",""BBU"",""Bucharest,"",""Romania - Baneasa """
"""OTP"",""OTP"",""Bucharest,"",""Romania - Otopeni International """
"""BKC"",""BKC"",""Buckland,"",""AK """
"""BUD"",""BUD"",""Budapest,"",""Hungary """
"""AEP"",""AEP"",""Buenos"",""Aires, Argentina - Jorge Newbery """
"""EZE"",""EZE"",""Buenos"",""Aires, Argentina - Ministro Pistarini """
"""BUF"",""BUF"",""Buffalo,"",""NY """
"""UUA"",""UUA"",""Bugulma,"",""Russia """
"""BJM"",""BJM"",""Bujumbura,"",""Burundi """
"""BKZ"",""BKZ"",""Bukoba,"",""Malaysia """
"""UUA"",""UUA"",""Bulgulma,"",""Russia """
"""IFP"",""IFP"",""Bullhead"",""City/Laughlin, AZ """
"""BDB"",""BDB"",""Bundaberg,"",""Australia """
"""BUO"",""BUO"",""Burao,"",""Somalia """
"""BUR"",""BUR"",""Burbank,"",""CA """
"""LEV"",""LEV"",""Bureta,"",""Fiji """
"""BFV"",""BFV"",""Buri"",""Ram, Thailand """
"""BUC"",""BUC"",""Burketown,"",""Australia """
"""BRL"",""BRL"",""Burlington,"",""IA """
"""BTV"",""BTV"",""Burlington,"",""VT """
"""BWT"",""BWT"",""Burnie,"",""Australia """
"""YPZ"",""YPZ"",""Burns"",""Lake, BC """
"""PUS"",""PUS"",""Busan,"",""South Korea - Gimhae """
"""BTM"",""BTM"",""Butte,"",""MT """
"""BXU"",""BXU"",""Butuan,"",""Philippines """
"""BZG"",""BZG"",""Bydgoszcz,"",""Poland """
"""SJD"",""SJD"",""Cabo"",""San Lucas, Los Cabos"""
"""CFR"",""CFR"",""Caen,"",""France """
"""CGY"",""CGY"",""Cagayan"",""De Oro, Philippines - Lumbia """
"""CAG"",""CAG"",""Cagliari,"",""Italy """
"""CNS"",""CNS"",""Cairns,"",""Australia """
"""CAI"",""CAI"",""Cairo,"",""Egypt """
"""CJA"",""CJA"",""Cajamarca,"",""Peru """
"""CBQ"",""CBQ"",""Calabar,"",""Nigeria """
"""CJC"",""CJC"",""Calama,"",""Chile """
"""CCU"",""CCU"",""Calcutta,"",""India """
"""YYC"",""YYC"",""Calgary,"",""AB """
"""CLO"",""CLO"",""Cali,"",""Colombia """
"""CLY"",""CLY"",""Calvi,"",""France """
"""CMW"",""CMW"",""Camaguey,"",""Cuba """
"""YCB"",""YCB"",""Cambridge"",""Bay, NU """
"""CBG"",""CBG"",""Cambridge,"",""United Kingdom """
"""CRD"",""CRD"",""Camodoro,"",""Argentina """
"""YBL"",""YBL"",""Campbell"",""River, BC """
"""XAZ"",""XAZ"",""Campbellton,"",""NB - Rail service """
"""CAL"",""CAL"",""Campbeltown,"",""United Kingdom """
"""CPE"",""CPE"",""Campeche,"""
"""CPV"",""CPV"",""Campina"",""Grande, Brazil """
"""CPQ"",""CPQ"",""Campinas,"",""Brazil """
"""CGR"",""CGR"",""Campo"",""Grande, Brazil """
"""CAW"",""CAW"",""Campos,"",""Brazil """
"""CBR"",""CBR"",""Canberra,"",""Australia """
"""CUN"",""CUN"",""Cancun,"""
"""JCA"",""JCA"",""Cannes,"",""France - Coisette Heliport """
"""CEQ"",""CEQ"",""Cannes,"",""France - Mandelieu """
"""QYW"",""QYW"",""Cannes,"",""France - Vieux Port """
"""CIW"",""CIW"",""Canouan,"",""Saint Vincent and the Grenadines """
"""CAK"",""CAK"",""Canton/Akron,"",""OH """
"""CAP"",""CAP"",""Cap"",""Haitien, Haiti """
"""YTE"",""YTE"",""Cape"",""Dorset, NU """
"""CGI"",""CGI"",""Cape"",""Girardeau, MO """
"""LUR"",""LUR"",""Cape"",""Lisburne, AK """
"""EHM"",""EHM"",""Cape"",""Newenham, AK """
"""CPI"",""CPI"",""Cape"",""Orford, Papua New Guinea """
"""CPT"",""CPT"",""Cape"",""Town, South Africa """
"""CVL"",""CVL"",""Cape"",""Vogel, Papua New Guinea """
"""XAW"",""XAW"",""Capreol,"",""ON - Rail service """
"""CCS"",""CCS"",""Caracas,"",""Venezuela """
"""CKS"",""CKS"",""Carajas,"",""Brazil """
"""MDH"",""MDH"",""Carbondale,"",""IL """
"""CCF"",""CCF"",""Carcassonne,"",""France """
"""CWL"",""CWL"",""Cardiff,"",""United Kingdom """
"""CLD"",""CLD"",""Carlsbad,"",""CA """
"""CNM"",""CNM"",""Carlsbad,"",""NM """
"""MRY"",""MRY"",""Carmel,"",""CA """
"""CVQ"",""CVQ"",""Carnarvon,"",""Australia """
"""CTG"",""CTG"",""Cartagena,"",""Colombia """
"""YRF"",""YRF"",""Cartwright,"",""NL """
"""CAS"",""CAS"",""Casablanca,"",""Morocco - Anfa """
"""CMN"",""CMN"",""Casablanca,"",""Morocco - Mohamed V """
"""CAC"",""CAC"",""Cascavel,"",""Brazil """
"""CSI"",""CSI"",""Casino,"",""Australia """
"""CPR"",""CPR"",""Casper,"",""WY """
"""XZB"",""XZB"",""Casselman,"",""ON - Rail service """
"""CST"",""CST"",""Castaway,"",""Fiji """
"""YCG"",""YCG"",""Castlegar,"",""BC """
"""DCM"",""DCM"",""Castres,"",""France """
"""YAC"",""YAC"",""Cat"",""Lake, ON """
"""CTC"",""CTC"",""Catamarca,"",""Argentina """
"""CTA"",""CTA"",""Catania,"",""Italy """
"""CAQ"",""CAQ"",""Caucasia,"",""Colombia """
"""CXJ"",""CXJ"",""Caxias"",""Do Sul, Brazil """
"""CYB"",""CYB"",""Cayman"",""Brac Is, Cambodia """
"""CYO"",""CYO"",""Cayo"",""Largo Del Sur, Cuba """
"""CEB"",""CEB"",""Cebu,"",""Philippines - Matan International """
"""CDC"",""CDC"",""Cedar"",""City, UT """
"""CID"",""CID"",""Cedar"",""Rapids, IA """
"""CED"",""CED"",""Cedun,"",""Australia """
"""CEM"",""CEM"",""Central,"",""AK """
"""JCU"",""JCU"",""Ceuta,"",""Spain and Canary Islands """
"""CDR"",""CDR"",""Chadron,"",""NE """
"""ZBR"",""ZBR"",""Chah-Bahar,"",""Iran """
"""CIK"",""CIK"",""Chalkyitsik,"",""AK """
"""CMF"",""CMF"",""Chambery,"",""France """
"""XCI"",""XCI"",""Chambord,"",""QC - Rail service """
"""CMI"",""CMI"",""Champaign/Urbana,"",""IL """
"""IXC"",""IXC"",""Chandigarh,"",""India """
"""XDL"",""XDL"",""Chandler,"",""QC - Rail service """
"""CGQ"",""CGQ"",""Changchun,"",""China """
"""CGD"",""CGD"",""Changde,"",""China """
"""CHX"",""CHX"",""Changuinda,"",""Panama """
"""CZX"",""CZX"",""Changzhou,"",""China """
"""CHQ"",""CHQ"",""Chania,"",""Greece """
"""CHG"",""CHG"",""Chaoyang,"",""China """
"""XAP"",""XAP"",""Chapeco,"",""Brazil """
"""YLD"",""YLD"",""Chapleau,"",""ON """
"""CHS"",""CHS"",""Charleston,"",""SC """
"""CRW"",""CRW"",""Charleston,"",""WV """
"""CTL"",""CTL"",""Charleville,"",""Australia """
"""CLT"",""CLT"",""Charlotte,"",""NC """
"""CHO"",""CHO"",""Charlottesville,"",""VA """
"""YHG"",""YHG"",""Charlottetown,"",""NL """
"""YYG"",""YYG"",""Charlottetown,"",""PE """
"""CHT"",""CHT"",""Chatham"",""Island, New Zealand """
"""XCM"",""XCM"",""Chatham,"",""ON """
"""CHA"",""CHA"",""Chattanooga,"",""TN """
"""CSY"",""CSY"",""Cheboksary,"",""Russia """
"""CYF"",""CYF"",""Chefornak,"",""AK """
"""CEK"",""CEK"",""Chelybinsk,"",""Russia """
"""XHS"",""XHS"",""Chemainus,"",""BC - Rail service """
"""MAA"",""MAA"",""Chennai,"",""India """
"""CJJ"",""CJJ"",""Cheongju,"",""South Korea """
"""CEE"",""CEE"",""Cherepovets,"",""Russia """
"""CTU"",""CTU"",""Chergdu,"",""China """
"""CEG"",""CEG"",""Chester,"",""United Kingdom """
"""YCS"",""YCS"",""Chesterfield"",""Inlet, NU """
"""CTM"",""CTM"",""Chetumal,"""
"""VAK"",""VAK"",""Chevak,"",""AK """
"""CEE"",""CEE"",""Chevepovets,"",""Russia """
"""YHR"",""YHR"",""Chevery,"",""QC """
"""CYS"",""CYS"",""Cheyenne,"",""WY """
"""CMJ"",""CMJ"",""Chi"",""Mei, Taiwan """
"""CNX"",""CNX"",""Chiang"",""Mai, Thailand """
"""CEI"",""CEI"",""Chiang"",""Rai, Thailand """
"""CYI"",""CYI"",""Chiayi,"",""Taiwan """
"""YMT"",""YMT"",""Chibougamau,"",""QC """
"""CHI"",""CHI"",""Chicago,"",""IL - All airports """
"""MDW"",""MDW"",""Chicago,"",""IL - Midway """
"""ORD"",""ORD"",""Chicago,"",""IL - O'Hare """
"""CIX"",""CIX"",""Chicayo,"",""Peru """
"""CKX"",""CKX"",""Chicken,"",""AK """
"""CIC"",""CIC"",""Chico,"",""CA """
"""CIF"",""CIF"",""Chifeng,"",""China """
"""KCQ"",""KCQ"",""Chignik,"",""AK - """
"""KCG"",""KCG"",""Chignik,"",""AK - Fisheries """
"""KCL"",""KCL"",""Chignik,"",""AK - Lagoon """
"""CUU"",""CUU"",""Chihuahua,"""
"""YAI"",""YAI"",""Chillan,"",""Chile """
"""CIP"",""CIP"",""Chipata,"",""Zambia """
"""CZN"",""CZN"",""Chisana,"",""AK """
"""YKU"",""YKU"",""Chisasibi,"",""QC """
"""HIB"",""HIB"",""Chisholm/Hibbing,"",""MN """
"""KIV"",""KIV"",""Chisinau,"",""Republic of Moldova """
"""HTA"",""HTA"",""Chita,"",""Russia """
"""CTD"",""CTD"",""Chitre,"",""Panama """
"""CGP"",""CGP"",""Chittagong,"",""Bangladesh """
"""CHY"",""CHY"",""Choiseul"",""Bay, Solomon Islands """
"""CKG"",""CKG"",""Chongqing,"",""China """
"""CHC"",""CHC"",""Christchurch,"",""New Zealand """
"""XCH"",""XCH"",""Christmas"",""Island, Christmas Island """
"""CHU"",""CHU"",""Chuathbaluk,"",""AK """
"""ZUM"",""ZUM"",""Churchill"",""Falls, NL """
"""YYQ"",""YYQ"",""Churchill,"",""MB """
"""XAD"",""XAD"",""Churchill,"",""MB - Rail service """
"""ICI"",""ICI"",""Cicia,"",""Fiji """
"""CVG"",""CVG"",""Cincinnati,"",""OH """
"""CHP"",""CHP"",""Circle"",""Hot Springs, AK """
"""IRC"",""IRC"",""Circle,"",""AK """
"""CME"",""CME"",""Ciudad Del Carmen, Mexico """
"""AGT"",""AGT"",""Ciudad"",""del Este, Paraguay """
"""CJS"",""CJS"",""Ciudad Juarez"",""Juarez, Mexico """
"""CEN"",""CEN"",""Ciudad Obregon"",""Obregon, Mexico """
"""CVM"",""CVM"",""Ciudad Victoria"",""Victoria, Mexico """
"""CLP"",""CLP"",""Clarks"",""Point, AK """
"""CKB"",""CKB"",""Clarksburg,"",""WV """
"""PIE"",""PIE"",""Clearwater/St"",""Petersburg, FL """
"""CFE"",""CFE"",""Clermont-ferrand,"",""France """
"""CVC"",""CVC"",""Cleve,"",""Australia """
"""CLE"",""CLE"",""Cleveland,"",""OH """
"""CNJ"",""CNJ"",""Cloncurry,"",""Australia """
"""CVN"",""CVN"",""Clovis,"",""NM """
"""CMK"",""CMK"",""Club"",""Makokola, Malawi """
"""CLJ"",""CLJ"",""Cluj,"",""Romania """
"""YCY"",""YCY"",""Clyde"",""River, NU """
"""CAZ"",""CAZ"",""Cobar,"",""Australia """
"""CIJ"",""CIJ"",""Cobija,"",""Bolivia """
"""XGJ"",""XGJ"",""Cobourg,"",""ON - Rail service """
"""CBB"",""CBB"",""Cochabamba,"",""Bolivia """
"""COK"",""COK"",""Cochin,"",""India """
"""CNC"",""CNC"",""Coconut"",""Island, Australia """
"""Keeling"",""Keeling"",""Cocos"",""Islands, Cocos """
"""COD"",""COD"",""Cody/Yellowstone,"",""WY """
"""CUQ"",""CUQ"",""Coen,"",""Australia """
"""CFA"",""CFA"",""Coffee"",""Point, AK """
"""KCC"",""KCC"",""Coffman"",""Cove, AK """
"""CFS"",""CFS"",""Coffs"",""Harbor, Australia """
"""CJB"",""CJB"",""Coimbatore,"",""India """
"""CDB"",""CDB"",""Cold"",""Bay, AK """
"""CLQ"",""CLQ"",""Colima,"""
"""CLL"",""CLL"",""College"",""Station, TX """
"""CGN"",""CGN"",""Cologne,"",""Germany - Cologne/Bonn """
"""QKL"",""QKL"",""Cologne,"",""Germany - Rail service """
"""CMB"",""CMB"",""Colombo,"",""Sri Lanka """
"""ONX"",""ONX"",""Colon,"",""Panama """
"""COS"",""COS"",""Colorado"",""Springs, CO """
"""COU"",""COU"",""Columbia,"",""MO """
"""CAE"",""CAE"",""Columbia,"",""SC """
"""CSG"",""CSG"",""Columbus,"",""GA """
"""GTR"",""GTR"",""Columbus,"",""MS """
"""CMH"",""CMH"",""Columbus,"",""OH """
"""YCK"",""YCK"",""Colville"",""Lake, NT """
"""YQQ"",""YQQ"",""Comox,"",""BC """
"""CKY"",""CKY"",""Conakry,"",""Guinea """
"""CCP"",""CCP"",""Concepcion,"",""Chile """
"""CCR"",""CCR"",""Concord,"",""CA """
"""COC"",""COC"",""Concordia,"",""Argentina """
"""CNK"",""CNK"",""Concordia,"",""KS """
"""COG"",""COG"",""Condoto,"",""Colombia """
"""CND"",""CND"",""Constanta,"",""Romania """
"""CZL"",""CZL"",""Constantine,"",""Algeria """
"""OTD"",""OTD"",""Contadora,"",""Panama """
"""CPD"",""CPD"",""Coober"",""Pedy, Australia """
"""CTN"",""CTN"",""Cooktown,"",""Australia """
"""OOM"",""OOM"",""Cooma,"",""NS, Australia """
"""CNB"",""CNB"",""Coonamble,"",""Australia """
"""CPH"",""CPH"",""Copenhagen,"",""Denmark """
"""CPO"",""CPO"",""Copiapo,"",""Chile """
"""QCE"",""QCE"",""Copper"",""Mountain, CO - Van service """
"""YZS"",""YZS"",""Coral"",""Harbour, NU """
"""COR"",""COR"",""Cordoba,"",""Argentina """
"""CDV"",""CDV"",""Cordova,"",""AK """
"""ORK"",""ORK"",""Cork,"",""Ireland """
"""YCC"",""YCC"",""Cornwall,"",""ON """
"""CZE"",""CZE"",""Coro,"",""Venezuela """
"""CZH"",""CZH"",""Corozal,"",""Belize """
"""CRP"",""CRP"",""Corpus"",""Christi, TX """
"""CNQ"",""CNQ"",""Corrientes,"",""Argentina """
"""CEZ"",""CEZ"",""Cortez,"",""CO """
"""CMG"",""CMG"",""Corumba,"",""Brazil """
"""CVU"",""CVU"",""Corvo"",""Island, Portugal """
"""CBO"",""CBO"",""Cotabato,"",""Philippines """
"""COC"",""COC"",""Cotarou,"",""Benin """
"""XGK"",""XGK"",""Coteau,"",""QC - Rail service """
"""YCA"",""YCA"",""Courtenay,"",""BC """
"""CXB"",""CXB"",""Cox's"",""Bazar, Bangladesh """
"""CZM"",""CZM"",""Cozumel,"""
"""CCV"",""CCV"",""Craig"",""Cove, Vanuatu """
"""CGA"",""CGA"",""Craig,"",""AK """
"""YXC"",""YXC"",""Cranbrook,"",""BC """
"""CEC"",""CEC"",""Crescent"",""City, CA """
"""CCM"",""CCM"",""Criciuma,"",""Brazil """
"""CKI"",""CKI"",""Croker"",""Island, Australia """
"""CKO"",""CKO"",""Crooked"",""Creek, AK """
"""CRI"",""CRI"",""Crooked"",""Island, Bahamas """
"""YCR"",""YCR"",""Cross"",""Lake, MB """
"""CRV"",""CRV"",""Crotone,"",""Italy """
"""CZS"",""CZS"",""Cruzeiro"",""Do Sul, Brazil """
"""CUW"",""CUW"",""Cube"",""Cove, AK """
"""CUC"",""CUC"",""Cucata,"",""Colombia """
"""CUE"",""CUE"",""Cuenca,"",""Ecuador """
"""CVJ"",""CVJ"",""Cuernavaca,"""
"""CGB"",""CGB"",""Cuiaba,"",""Brazil """
"""CUL"",""CUL"",""Culiacan,"""
"""CBE"",""CBE"",""Cumberland,"",""MD """
"""CMA"",""CMA"",""Cunnamulla,"",""Australia """
"""CUR"",""CUR"",""Curacao,"",""Netherlands Antilles """
"""CWB"",""CWB"",""Curitiba,"",""Brazil """
"""CUZ"",""CUZ"",""Cuzco,"",""Peru """
"""DAD"",""DAD"",""Da"",""Nang, Viet Nam """
"""DRH"",""DRH"",""Dabra,"",""Indonesia """
"""TAE"",""TAE"",""Daegu,"",""South Korea """
"""DKR"",""DKR"",""Dakar,"",""Senegal """
"""VIL"",""VIL"",""Dakhla,"",""Morocco """
"""DLM"",""DLM"",""Dalaman,"",""Turkey """